"","X.1","X","Sample","Sample_bam","Total_reads","Total_Align","Counts","Line","Sex","Ind","Old_Ind","Treatment","Old_Drug","Time","Old_Time","Sample_name","Sample_ID","Final_sample_name","Cond","Old_Condition","Timepoint","Sample_name_plots"
"1",1,1,"MCW_EMP_JT_R36","MCW_EMP_JT_R36.bam",28377088,"28,377,088","20,017,534","87-1","F","1","2","DOX","DOX","t0","24T","87-1_DOX_24","87-1_DOX_24","DOX_t0_1","DOX_t0","DOX_24T","tx+0","DOX_tx+0_1"
"2",2,2,"MCW_EMP_JT_R38","MCW_EMP_JT_R38.bam",28391060,"28,391,060","21,334,270","87-1","F","1","2","VEH","DMSO","t0","24T","87-1_DMSO_24","87-1_DMSO_24","VEH_t0_1","VEH_t0","DMSO_24T","tx+0","VEH_tx+0_1"
"3",3,3,"MCW_EMP_JT_R39","MCW_EMP_JT_R39.bam",34132952,"34,132,952","25,714,988","87-1","F","1","2","DOX","DOX","t24","24R","87-1_DOX_24+24","87-1_DOX_24+24","DOX_t24_1","DOX_t24","DOX_24R","tx+24","DOX_tx+24_1"
"4",4,4,"MCW_EMP_JT_R41","MCW_EMP_JT_R41.bam",34609978,"34,609,978","26,356,290","87-1","F","1","2","VEH","DMSO","t24","24R","87-1_DMSO_24+24","87-1_DMSO_24+24","VEH_t24_1","VEH_t24","DMSO_24R","tx+24","VEH_tx+24_1"
"5",5,5,"MCW_EMP_JT_R42","MCW_EMP_JT_R42.bam",33811277,"33,811,277","23,497,279","87-1","F","1","2","DOX","DOX","t144","144R","87-1_DOX_24+144","87-1_DOX_24+144","DOX_t144_1","DOX_t144","DOX_144R","tx+144","DOX_tx+144_1"
"6",6,6,"MCW_EMP_JT_R44","MCW_EMP_JT_R44.bam",36858429,"36,858,429","25,878,841","87-1","F","1","2","VEH","DMSO","t144","144R","87-1_DMSO_24+144","87-1_DMSO_24+144","VEH_t144_1","VEH_t144","DMSO_144R","tx+144","VEH_tx+144_1"
"7",7,7,"MCW_EMP_JT_R45","MCW_EMP_JT_R45.bam",35329506,"35,329,506","23,195,184","78-1","F","2","3","DOX","DOX","t0","24T","78-1_DOX_24","78-1_DOX_24","DOX_t0_2","DOX_t0","DOX_24T","tx+0","DOX_tx+0_2"
"8",8,8,"MCW_EMP_JT_R47","MCW_EMP_JT_R47.bam",36161105,"36,161,105","25,648,723","78-1","F","2","3","VEH","DMSO","t0","24T","78-1_DMSO_24","78-1_DMSO_24","VEH_t0_2","VEH_t0","DMSO_24T","tx+0","VEH_tx+0_2"
"9",9,9,"MCW_EMP_JT_R48","MCW_EMP_JT_R48.bam",29815991,"29,815,991","18,250,610","78-1","F","2","3","DOX","DOX","t24","24R","78-1_DOX_24+24","78-1_DOX_24+24","DOX_t24_2","DOX_t24","DOX_24R","tx+24","DOX_tx+24_2"
"10",10,10,"MCW_EMP_JT_R50","MCW_EMP_JT_R50.bam",32419051,"32,419,051","24,364,234","78-1","F","2","3","VEH","DMSO","t24","24R","78-1_DMSO_24+24","78-1_DMSO_24+24","VEH_t24_2","VEH_t24","DMSO_24R","tx+24","VEH_tx+24_2"
"11",11,11,"MCW_EMP_JT_R51","MCW_EMP_JT_R51.bam",31604703,"31,604,703","19,801,072","78-1","F","2","3","DOX","DOX","t144","144R","78-1_DOX_24+144","78-1_DOX_24+144","DOX_t144_2","DOX_t144","DOX_144R","tx+144","DOX_tx+144_2"
"12",12,12,"MCW_EMP_JT_R53","MCW_EMP_JT_R53.bam",31036896,"31,036,896","22,672,688","78-1","F","2","3","VEH","DMSO","t144","144R","78-1_DMSO_24+144","78-1_DMSO_24+144","VEH_t144_2","VEH_t144","DMSO_144R","tx+144","VEH_tx+144_2"
"13",13,13,"MCW_EMP_JT_R54","MCW_EMP_JT_R54.bam",29942761,"29,942,761","20,726,954","75-1","F","3","4","DOX","DOX","t0","24T","75-1_DOX_24","75-1_DOX_24","DOX_t0_3","DOX_t0","DOX_24T","tx+0","DOX_tx+0_3"
"14",14,14,"MCW_EMP_JT_R56","MCW_EMP_JT_R56.bam",37271138,"37,271,138","28,213,836","75-1","F","3","4","VEH","DMSO","t0","24T","75-1_DMSO_24","75-1_DMSO_24","VEH_t0_3","VEH_t0","DMSO_24T","tx+0","VEH_tx+0_3"
"15",15,15,"MCW_EMP_JT_R57","MCW_EMP_JT_R57.bam",35783851,"35,783,851","25,911,782","75-1","F","3","4","DOX","DOX","t24","24R","75-1_DOX_24+24","75-1_DOX_24+24","DOX_t24_3","DOX_t24","DOX_24R","tx+24","DOX_tx+24_3"
"16",16,16,"MCW_EMP_JT_R59","MCW_EMP_JT_R59.bam",34698235,"34,698,235","26,124,863","75-1","F","3","4","VEH","DMSO","t24","24R","75-1_DMSO_24+24","75-1_DMSO_24+24","VEH_t24_3","VEH_t24","DMSO_24R","tx+24","VEH_tx+24_3"
"17",17,17,"MCW_EMP_JT_R60","MCW_EMP_JT_R60.bam",35220692,"35,220,692","24,701,727","75-1","F","3","4","DOX","DOX","t144","144R","75-1_DOX_24+144","75-1_DOX_24+144","DOX_t144_3","DOX_t144","DOX_144R","tx+144","DOX_tx+144_3"
"18",18,18,"MCW_EMP_JT_R62","MCW_EMP_JT_R62.bam",33691782,"33,691,782","25,455,999","75-1","F","3","4","VEH","DMSO","t144","144R","75-1_DMSO_24+144","75-1_DMSO_24+144","VEH_t144_3","VEH_t144","DMSO_144R","tx+144","VEH_tx+144_3"
"19",19,19,"MCW_EMP_JT_R27","MCW_EMP_JT_R27.bam",39238422,"39,238,422","23,533,985","84-1","M","4","1","DOX","DOX","t0","24T","84-1_DOX_24","84-1_DOX_24","DOX_t0_4","DOX_t0","DOX_24T","tx+0","DOX_tx+0_4"
"20",20,20,"MCW_EMP_JT_R29","MCW_EMP_JT_R29.bam",33045795,"33,045,795","22,892,686","84-1","M","4","1","VEH","DMSO","t0","24T","84-1_DMSO_24","84-1_DMSO_24","VEH_t0_4","VEH_t0","DMSO_24T","tx+0","VEH_tx+0_4"
"21",21,21,"MCW_EMP_JT_R30","MCW_EMP_JT_R30.bam",37648682,"37,648,682","23,932,153","84-1","M","4","1","DOX","DOX","t24","24R","84-1_DOX_24+24","84-1_DOX_24+24","DOX_t24_4","DOX_t24","DOX_24R","tx+24","DOX_tx+24_4"
"22",22,22,"MCW_EMP_JT_R32","MCW_EMP_JT_R32.bam",31416100,"31,416,100","21,337,454","84-1","M","4","1","VEH","DMSO","t24","24R","84-1_DMSO_24+24","84-1_DMSO_24+24","VEH_t24_4","VEH_t24","DMSO_24R","tx+24","VEH_tx+24_4"
"23",23,23,"MCW_EMP_JT_R33","MCW_EMP_JT_R33.bam",27938027,"27,938,027","18,260,440","84-1","M","4","1","DOX","DOX","t144","144R","84-1_DOX_24+144","84-1_DOX_24+144","DOX_t144_4","DOX_t144","DOX_144R","tx+144","DOX_tx+144_4"
"24",24,24,"MCW_EMP_JT_R35","MCW_EMP_JT_R35.bam",41639178,"41,639,178","28,167,799","84-1","M","4","1","VEH","DMSO","t144","144R","84-1_DMSO_24+144","84-1_DMSO_24+144","VEH_t144_4","VEH_t144","DMSO_144R","tx+144","VEH_tx+144_4"
"25",25,25,"MCW_EMP_JT_R63","MCW_EMP_JT_R63.bam",32614592,"32,614,592","22,697,304","17-3","M","5","5","DOX","DOX","t0","24T","17-3_DOX_24","17-3_DOX_24","DOX_t0_5","DOX_t0","DOX_24T","tx+0","DOX_tx+0_5"
"26",26,26,"MCW_EMP_JT_R65","MCW_EMP_JT_R65.bam",32306434,"32,306,434","24,639,151","17-3","M","5","5","VEH","DMSO","t0","24T","17-3_DMSO_24","17-3_DMSO_24","VEH_t0_5","VEH_t0","DMSO_24T","tx+0","VEH_tx+0_5"
"27",27,27,"MCW_EMP_JT_R66","MCW_EMP_JT_R66.bam",35228581,"35,228,581","24,885,980","17-3","M","5","5","DOX","DOX","t24","24R","17-3_DOX_24+24","17-3_DOX_24+24","DOX_t24_5","DOX_t24","DOX_24R","tx+24","DOX_tx+24_5"
"28",28,28,"MCW_EMP_JT_R68","MCW_EMP_JT_R68.bam",35003101,"35,003,101","26,036,618","17-3","M","5","5","VEH","DMSO","t24","24R","17-3_DMSO_24+24","17-3_DMSO_24+24","VEH_t24_5","VEH_t24","DMSO_24R","tx+24","VEH_tx+24_5"
"29",29,29,"MCW_EMP_JT_R69","MCW_EMP_JT_R69.bam",38097726,"38,097,726","27,513,167","17-3","M","5","5","DOX","DOX","t144","144R","17-3_DOX_24+144","17-3_DOX_24+144","DOX_t144_5","DOX_t144","DOX_144R","tx+144","DOX_tx+144_5"
"30",30,30,"MCW_EMP_JT_R71","MCW_EMP_JT_R71.bam",33256825,"33,256,825","24,942,365","17-3","M","5","5","VEH","DMSO","t144","144R","17-3_DMSO_24+144","17-3_DMSO_24+144","VEH_t144_5","VEH_t144","DMSO_144R","tx+144","VEH_tx+144_5"
"31",31,31,"MCW_EMP_JT_R72","MCW_EMP_JT_R72.bam",34503625,"34,503,625","25,308,109","90-1","M","6","6","DOX","DOX","t0","24T","90-1_DOX_24","90-1_DOX_24","DOX_t0_6","DOX_t0","DOX_24T","tx+0","DOX_tx+0_6"
"32",32,32,"MCW_EMP_JT_R74","MCW_EMP_JT_R74.bam",32948032,"32,948,032","25,666,994","90-1","M","6","6","VEH","DMSO","t0","24T","90-1_DMSO_24","90-1_DMSO_24","VEH_t0_6","VEH_t0","DMSO_24T","tx+0","VEH_tx+0_6"
"33",33,33,"MCW_EMP_JT_R75","MCW_EMP_JT_R75.bam",35722610,"35,722,610","26,209,951","90-1","M","6","6","DOX","DOX","t24","24R","90-1_DOX_24+24","90-1_DOX_24+24","DOX_t24_6","DOX_t24","DOX_24R","tx+24","DOX_tx+24_6"
"34",34,34,"MCW_EMP_JT_R77","MCW_EMP_JT_R77.bam",32240270,"32,240,270","24,465,515","90-1","M","6","6","VEH","DMSO","t24","24R","90-1_DMSO_24+24","90-1_DMSO_24+24","VEH_t24_6","VEH_t24","DMSO_24R","tx+24","VEH_tx+24_6"
"35",35,35,"MCW_EMP_JT_R78","MCW_EMP_JT_R78.bam",32863538,"32,863,538","23,359,517","90-1","M","6","6","DOX","DOX","t144","144R","90-1_DOX_24+144","90-1_DOX_24+144","DOX_t144_6","DOX_t144","DOX_144R","tx+144","DOX_tx+144_6"
"36",36,36,"MCW_EMP_JT_R80","MCW_EMP_JT_R80.bam",34746414,"34,746,414","25,460,267","90-1","M","6","6","VEH","DMSO","t144","144R","90-1_DMSO_24+144","90-1_DMSO_24+144","VEH_t144_6","VEH_t144","DMSO_144R","tx+144","VEH_tx+144_6"
"37",37,37,"MCW_EMP_JT_R81","MCW_EMP_JT_R81.bam",32257033,"32,257,033","23,999,887","90-1REP","M","6R","6R","DOX","DOX","t0","24T","90-1_REP_DOX_24","90-1_REP_DOX_24","DOX_t0_6R","DOX_t0","DOX_24T","tx+0","DOX_tx+0_6R"
"38",38,38,"MCW_EMP_JT_R83","MCW_EMP_JT_R83.bam",33668019,"33,668,019","26,968,128","90-1REP","M","6R","6R","VEH","DMSO","t0","24T","90-1_REP_DMSO_24","90-1_REP_DMSO_24","VEH_t0_6R","VEH_t0","DMSO_24T","tx+0","VEH_tx+0_6R"
"39",39,39,"MCW_EMP_JT_R84","MCW_EMP_JT_R84.bam",33201257,"33,201,257","25,309,588","90-1REP","M","6R","6R","DOX","DOX","t24","24R","90-1_REP_DOX_24+24","90-1_REP_DOX_24+24","DOX_t24_6R","DOX_t24","DOX_24R","tx+24","DOX_tx+24_6R"
"40",40,40,"MCW_EMP_JT_R86","MCW_EMP_JT_R86.bam",32712150,"32,712,150","26,563,545","90-1REP","M","6R","6R","VEH","DMSO","t24","24R","90-1_REP_DMSO_24+24","90-1_REP_DMSO_24+24","VEH_t24_6R","VEH_t24","DMSO_24R","tx+24","VEH_tx+24_6R"
"41",41,41,"MCW_EMP_JT_R87","MCW_EMP_JT_R87.bam",28763818,"28,763,818","21,521,939","90-1REP","M","6R","6R","DOX","DOX","t144","144R","90-1_REP_DOX_24+144","90-1_REP_DOX_24+144","DOX_t144_6R","DOX_t144","DOX_144R","tx+144","DOX_tx+144_6R"
"42",42,42,"MCW_EMP_JT_R89","MCW_EMP_JT_R89.bam",33151095,"33,151,095","25,814,892","90-1REP","M","6R","6R","VEH","DMSO","t144","144R","90-1_REP_DMSO_24+144","90-1_REP_DMSO_24+144","VEH_t144_6R","VEH_t144","DMSO_144R","tx+144","VEH_tx+144_6R"
