"","Individual","Line","Treatment","Timepoint","Condition","Magnification","Image","Nuclei_Count","Mean_of_Mean","Mean_of_Median","Mean_of_Max","Mean_Percent_Red_Positive","Mean_Red_Positive_Pixels","Mean_Norm_Percent_Red_Positive"
"1","Ind1","87-1","DOX","144R","DOX_144R","20X","144R_DOX_87_yh2ax_20X_RGB_0001_DAPI",178,13.5265344827586,8.75862068965517,53.7873563218391,39.0965172413793,156.471264367816,39.0965273882032
"2","Ind1","87-1","DOX","144R","DOX_144R","20X","144R_DOX_87_yh2ax_20X_RGB_0005_DAPI",195,12.981277486911,8.94764397905759,53.3193717277487,43.1073455497382,203.094240837696,43.107372952532
"3","Ind1","87-1","DOX","24R","DOX_24R","20X","24R_DOX_87_yh2ax_20X_RGB_0001_DAPI",343,50.1903848396501,21.0845481049563,151.618075801749,626.497049562682,1880.19825072886,626.497133733998
"4","Ind1","87-1","DOX","24R","DOX_24R","20X","24R_DOX_87_yh2ax_20X_RGB_0002_DAPI",335,36.1326029850746,18.910447761194,95.6268656716418,567.823910447761,1671.58507462687,567.823948804311
"5","Ind1","87-1","DOX","24R","DOX_24R","20X","24R_DOX_87_yh2ax_20X_RGB_0010_DAPI",343,28.9041836734694,18.3760932944606,68.0816326530612,539.423119533528,1640.26530612245,539.423169823841
"6","Ind1","87-1","DOX","24R","DOX_24R","20X","24R_DOX_87_yh2ax_20X_RGB_0011_DAPI",343,50.1903848396501,21.0845481049563,151.618075801749,626.497049562682,1880.19825072886,626.497133733998
"7","Ind1","87-1","DOX","24T","DOX_24T","20X","24T_DOX_87_yh2ax_20X_RGB_0001_DAPI",63,23.847619047619,7.11111111111111,80.3650793650794,301.238396825397,1051.39682539683,301.23838265777
"8","Ind1","87-1","VEH","144R","VEH_144R","20X","DMSO144R_87_yh2ax_20X_dup_RGB_0001_DAPI",112,12.328,8.37142857142857,37.6571428571429,34.7702666666667,136.6,34.7702745059685
"9","Ind1","87-1","VEH","144R","VEH_144R","20X","DMSO144R_87_yh2ax_20X_dup_RGB_0002_DAPI",253,13.9156784140969,9.74449339207048,38.2555066079295,38.7056696035242,152.519823788546,38.7056501009555
"10","Ind1","87-1","VEH","144R","VEH_144R","20X","DMSO144R_87_yh2ax_20X_RGB_0001_DAPI",314,16.0864982578397,10.4808362369338,42.8745644599303,65.7520452961673,205.404181184669,65.7520335450226
"11","Ind1","87-1","VEH","24R","VEH_24R","20X","DMSO24R_87_yh2ax_20X_RGB_0001_DAPI",234,14.385128440367,10.5321100917431,38.1422018348624,50.4235275229358,216.178899082569,50.4235061990311
"12","Ind1","87-1","VEH","24R","VEH_24R","20X","DMSO24R_87_yh2ax_20X_RGB_0002_DAPI",351,16.525762611276,11.3293768545994,43.8605341246291,80.7901988130564,280.056379821958,80.7901671769209
"13","Ind1","87-1","VEH","24R","VEH_24R","20X","DMSO24R_87_yh2ax_20X_RGB_0003_DAPI",209,13.4001351351351,9.5027027027027,37.0108108108108,49.1229945945946,182.962162162162,49.1230181903658
"14","Ind1","87-1","VEH","24R","VEH_24R","20X","DMSO24R_87_yh2ax_20X_RGB_0004_DAPI",211,14.8317135416667,10.4947916666667,43.8177083333333,52.1204479166667,236.005208333333,52.12040502148
"15","Ind1","87-1","VEH","24T","VEH_24T","20X","DMSO24T_87_yh2ax_20X_dup_RGB_0001_DAPI",333,15.625012539185,11.3981191222571,40.294670846395,73.7399811912226,309.711598746082,73.7399662531226
"16","Ind1","87-1","VEH","24T","VEH_24T","20X","DMSO24T_87_yh2ax_20X_dup_RGB_0002_DAPI",279,15.0115482625483,10.3436293436293,38.5096525096525,54.2129420849421,188.779922779923,54.2129296989047
"17","Ind1","87-1","VEH","24T","VEH_24T","20X","DMSO24T_87_yh2ax_20X_RGB_0001_DAPI",232,13.533568627451,9.44117647058824,38.2990196078431,32.0485882352941,118.039215686275,32.0485410411066
"18","Ind1","87-1","VEH","24T","VEH_24T","20X","DMSO24T_87_yh2ax_20X_RGB_0002_DAPI",217,14.469,10.1968911917098,40.9274611398964,39.7302176165803,133.922279792746,39.7302228061814
"19","Ind1","87-1","DOX","144R","DOX_144R","20X","DOX144R_87_yh2ax_20X_dup_RGB_0001_DAPI",146,23.3319246575342,15.2534246575342,91.3082191780822,373.910397260274,1375.87671232877,373.910464571855
"20","Ind1","87-1","DOX","144R","DOX_144R","20X","DOX144R_87_yh2ax_20X_dup_RGB_0002_DAPI",193,23.6256424870466,16.2642487046632,89.3264248704663,422.458735751295,1706.84974093264,422.458660010523
"21","Ind1","87-1","DOX","144R","DOX_144R","20X","DOX144R_87_yh2ax_20X_dup_RGB_0003_DAPI",171,24.1267192982456,15.906432748538,90.5087719298246,411.053754385965,1423.88304093567,411.053783621069
"22","Ind1","87-1","DOX","144R","DOX_144R","20X","DOX144R_87_yh2ax_20X_dup_RGB_0004_DAPI",321,16.2801469648562,12.7348242811502,40.2172523961661,30.0680447284345,84.2076677316294,30.0680599052322
"23","Ind1","87-1","DOX","24T","DOX_24T","20X","DOX24T_87_yh2ax_20X_dup_RGB_0001_DAPI",201,32.3537114427861,12.6616915422886,95.4676616915423,426.943044776119,1196.74626865672,426.942977418207
"24","Ind1","87-1","DOX","24T","DOX_24T","20X","DOX24T_87_yh2ax_20X_dup_RGB_0002_DAPI",370,34.6278,16.1486486486486,87.0702702702703,522.764740540541,1331.73783783784,522.764675738112
"25","Ind1","87-1","DOX","24T","DOX_24T","20X","DOX24T_87_yh2ax_20X_RGB_0001_DAPI",185,32.1439513513514,23.4810810810811,53.7567567567568,662.229708108108,783.583783783784,662.22976362291
"26","Ind1","87-1","DOX","24T","DOX_24T","20X","DOX24T_87_yh2ax_20X_RGB_0002_DAPI",224,32.0932589285714,25.8303571428571,50.5089285714286,674.687633928571,734.245535714286,674.688065670202
"27","Ind1","87-1","DOX","24T","DOX_24T","20X","DOX24T_87_yh2ax_20X_RGB_0003_DAPI",257,25.7781167315175,19.5058365758755,44.5758754863813,572.948898832685,1094.73929961089,572.948919627706
"28","Ind1","87-1","DOX","24T","DOX_24T","20X","DOX24T_87_yh2ax_20X_RGB_0004_DAPI",152,36.0528552631579,25.7697368421053,72.9736842105263,676.368105263158,1650.75,676.368452296896
"29","Ind3","75-1","VEH","144R","VEH_144R","20X","DMSO_144R_75_EMP_20X_RGB_0006_DAPI",175,14.9957430555556,11.0347222222222,40.1041666666667,68.1957916666667,181.888888888889,68.1957167653587
"30","Ind3","75-1","VEH","144R","VEH_144R","20X","DMSO_144R_75_EMP_20X_RGB_0007_DAPI",156,14.49196875,10.703125,41.7421875,38.1797734375,133.5078125,38.1797181200942
"31","Ind3","75-1","VEH","144R","VEH_144R","20X","DMSO_144R_75_EMP_20X_RGB_0008_DAPI",69,13.0159636363636,9.81818181818182,36.2909090909091,26.5591090909091,215.709090909091,26.5590721746086
"32","Ind3","75-1","VEH","144R","VEH_144R","20X","DMSO_144R_75_EMP_20X_RGB_0009_DAPI",136,13.3591517857143,10.0803571428571,35.3125,42.4110892857143,135.482142857143,42.4110748596944
"33","Ind3","75-1","VEH","144R","VEH_144R","20X","DMSO_144R_75_EMP_20X_RGB_0010_DAPI",62,14.0287916666667,9.20833333333333,55.625,27.6866458333333,100.583333333333,27.6867891447238
"34","Ind3","75-1","VEH","144R","VEH_144R","20X","DMSO_144Rd_75_EMP_20X_RGB_0006_DAPI",24,11.6810666666667,8.8,50.1333333333333,44.9093333333333,173.266666666667,44.9093720726046
"35","Ind3","75-1","VEH","144R","VEH_144R","20X","DMSO_144Rd_75_EMP_20X_RGB_0007_DAPI",20,14.7595789473684,9.1578947368421,70.2105263157895,130.141473684211,661.578947368421,130.141466163632
"36","Ind3","75-1","VEH","144R","VEH_144R","20X","DMSO_144Rd_75_EMP_20X_RGB_0008_DAPI",45,10.8171,8.7,34.3,0.815033333333333,3.63333333333333,0.815077957862301
"37","Ind3","75-1","VEH","144R","VEH_144R","20X","DMSO_144Rd_75_EMP_20X_RGB_0009_DAPI",72,16.58485,10.375,68.125,72.937975,134.45,72.9377892651074
"38","Ind3","75-1","VEH","144R","VEH_144R","20X","DMSO_144Rd_75_EMP_20X_RGB_0010_DAPI",115,15.8226504854369,10.5339805825243,45.8834951456311,62.6830485436893,312.116504854369,62.6830236851506
"39","Ind3","75-1","VEH","24R","VEH_24R","20X","DMSO_24R_75_EMP_20X_RGB_0001_DAPI",207,16.9135463917526,11.4226804123711,44.2319587628866,82.526324742268,358.953608247423,82.5263074680247
"40","Ind3","75-1","VEH","24R","VEH_24R","20X","DMSO_24R_75_EMP_20X_RGB_0002_DAPI",38,12.03284375,8.90625,51.15625,22.6714375,150.125,22.6714336441755
"41","Ind3","75-1","VEH","24R","VEH_24R","20X","DMSO_24R_75_EMP_20X_RGB_0003_DAPI",26,11.8364210526316,8.36842105263158,40.6842105263158,26.7848947368421,130.842105263158,26.7848547100261
"42","Ind3","75-1","VEH","24R","VEH_24R","20X","DMSO_24R_75_EMP_20X_RGB_0004_DAPI",143,14.7874651162791,10.2558139534884,53.7674418604651,50.6446899224806,217.325581395349,50.644692496446
"43","Ind3","75-1","VEH","24R","VEH_24R","20X","DMSO_24R_75_EMP_20X_RGB_0005_DAPI",68,15.2931111111111,9.23809523809524,59.7460317460317,31.0590476190476,165.730158730159,31.059039045121
"44","Ind3","75-1","VEH","24R","VEH_24R","20X","DMSO_24R_75_EMP_20X_RGB_0006_DAPI",13,13.0331818181818,8.45454545454546,54.9090909090909,46.2379090909091,220.727272727273,46.2378260171064
"45","Ind3","75-1","VEH","24R","VEH_24R","20X","DMSO_24R_75_EMP_20X_RGB_0007_DAPI",126,15.6180964912281,10.6052631578947,52.5175438596491,56.6069385964912,282.464912280702,56.6068572922047
"46","Ind3","75-1","VEH","24R","VEH_24R","20X","DMSO_24R_75_EMP_20X_RGB_0012_DAPI",77,14.6435735294118,9.19117647058824,50.5,24.3825588235294,163.191176470588,24.3825318993132
"47","Ind3","75-1","VEH","24R","VEH_24R","20X","DMSO_24Rdup_75_EMP_20X_RGB_0005_DAPI",95,14.2289642857143,9.89285714285714,42.1428571428571,35.2226666666667,149.642857142857,35.2226252885696
"48","Ind3","75-1","VEH","24R","VEH_24R","20X","DMSO_24Rdup_75_EMP_20X_RGB_0006_DAPI",220,16.1950753768844,11.7386934673367,43.3517587939699,87.2891055276382,362.929648241206,87.2891192574593
"49","Ind3","75-1","VEH","24R","VEH_24R","20X","DMSO_24Rdup_75_EMP_20X_RGB_0007_DAPI",38,15.2224545454545,10.1212121212121,57.3333333333333,107.850636363636,507.454545454545,107.850564407513
"50","Ind3","75-1","VEH","24R","VEH_24R","20X","DMSO_24Rdup_75_EMP_20X_RGB_0008_DAPI",77,13.5176461538462,10.1076923076923,42.5076923076923,37.7100923076923,189.892307692308,37.7101265109638
"51","Ind3","75-1","VEH","24T","VEH_24T","20X","DMSO_24T_75_EMP_20X_RGB_0004_DAPI",100,16.4743838383838,11.5353535353535,42.7373737373737,109.147636363636,487.252525252525,109.147633404806
"52","Ind3","75-1","VEH","24T","VEH_24T","20X","DMSO_24T_75_EMP_20X_RGB_0005_DAPI",344,18.7826187683284,14.3460410557185,36.6129032258064,233.003149560117,491.319648093842,233.003178310217
"53","Ind3","75-1","VEH","24T","VEH_24T","20X","DMSO_24T_75_EMP_20X_RGB_0006_DAPI",219,16.3887320574163,11.9186602870813,36.9952153110048,110.155985645933,278.846889952153,110.156000178052
"54","Ind3","75-1","VEH","24T","VEH_24T","20X","DMSO_24T_75_EMP_20X_RGB_0007_DAPI",73,13.9982173913043,10.231884057971,37.4927536231884,43.8533768115942,179.289855072464,43.8533990006043
"55","Ind3","75-1","VEH","24T","VEH_24T","20X","DMSO_24T_75_EMP_20X_RGB_0008_DAPI",76,14.1129014084507,10.3802816901408,37.2253521126761,45.959323943662,174.084507042254,45.9593675885003
"56","Ind3","75-1","VEH","24T","VEH_24T","20X","DMSO_24T_75_EMP_20X_RGB_0009_DAPI",136,22.1220597014925,12.8805970149254,52.3507462686567,147.313776119403,376.791044776119,147.313705427834
"57","Ind3","75-1","VEH","24T","VEH_24T","20X","DMSO_24T_75_EMP_20X_RGB_0010_DAPI",60,13.9026,9.72,50.8,54.6315,162.54,54.6316294152617
"58","Ind3","75-1","VEH","24T","VEH_24T","20X","DMSO_24Tdup_75_EMP_20X_RGB_0001_DAPI",199,18.4884659685864,11.6020942408377,56.0157068062827,112.501267015707,469.748691099476,112.501254850718
"59","Ind3","75-1","VEH","24T","VEH_24T","20X","DMSO_24Tdup_75_EMP_20X_RGB_0002_DAPI",116,14.5439217391304,10.2869565217391,48.1652173913043,61.1766173913043,283.660869565217,61.1766131949609
"60","Ind3","75-1","VEH","24T","VEH_24T","20X","DMSO_24Tdup_75_EMP_20X_RGB_0003_DAPI",257,20.6174007782101,13.8871595330739,45.6770428015564,194.954322957198,436,194.954289232147
"61","Ind3","75-1","DOX","144R","DOX_144R","20X","DOX_144R_75_EMP_20X_RGB_0004_DAPI",87,12.7796705882353,9.04705882352941,56.5411764705882,28.5560117647059,147.105882352941,28.5559752216739
"62","Ind3","75-1","DOX","144R","DOX_144R","20X","DOX_144R_75_EMP_20X_RGB_0005_DAPI",108,14.2646574074074,9.65740740740741,54.5833333333333,56.9841759259259,235.342592592593,56.984141124829
"63","Ind3","75-1","DOX","144R","DOX_144R","20X","DOX_144R_75_EMP_20X_RGB_0006_DAPI",72,21.2166805555556,14,74.4027777777778,271.610305555556,913.083333333333,271.610493039456
"64","Ind3","75-1","DOX","144R","DOX_144R","20X","DOX_144R_75_EMP_20X_RGB_0007_DAPI",99,13.6996808510638,9.80851063829787,44.1595744680851,58.7348829787234,162.68085106383,58.7349672301321
"65","Ind3","75-1","DOX","144R","DOX_144R","20X","DOX_144R_75_EMP_20X_RGB_0008_DAPI",63,12.4666724137931,9.10344827586207,37.2068965517241,31.5193793103448,71.6206896551724,31.519264630437
"66","Ind3","75-1","DOX","24R","DOX_24R","20X","DOX_24R_75_EMP_20X_RGB_0001_DAPI",179,29.5938659217877,14.1899441340782,86.5474860335195,436.680396648045,1240.3687150838,436.680375581799
"67","Ind3","75-1","DOX","24R","DOX_24R","20X","DOX_24R_75_EMP_20X_RGB_0002_DAPI",155,28.1790580645161,13.8516129032258,81.0774193548387,391.464696774194,1081.58709677419,391.464774983009
"68","Ind3","75-1","DOX","24R","DOX_24R","20X","DOX_24R_75_EMP_20X_RGB_0005_DAPI",159,24.0573037974684,11.7848101265823,82.9493670886076,307.215126582278,1250.90506329114,307.215162735685
"69","Ind3","75-1","DOX","24R","DOX_24R","20X","DOX_24Rdup_75_EMP_20X_RGB_0004_DAPI",123,29.6392231404959,13.5785123966942,121.652892561983,362.672504132231,2516.17355371901,362.672442452538
"70","Ind3","75-1","DOX","24R","DOX_24R","20X","DOX_24Rdup_75_EMP_20X_RGB_0005_DAPI",224,33.35315625,14.8125,114.941964285714,424.7485625,1747.71428571429,424.74858822627
"71","Ind3","75-1","DOX","24R","DOX_24R","20X","DOX_24Rdup_75_EMP_20X_RGB_0006_DAPI",264,37.5035076923077,16.5346153846154,113.1,477.291573076923,1512.23461538462,477.291663904
"72","Ind3","75-1","DOX","24R","DOX_24R","20X","DOX_24Rdup_75_EMP_20X_RGB_0007_DAPI",279,35.871535971223,15.7589928057554,112.064748201439,466.290514388489,1474.38489208633,466.290488224635
"73","Ind3","75-1","DOX","24R","DOX_24R","20X","DOX_24Rdup_75_EMP_20X_RGB_0008_DAPI",100,24.24287,11.94,74.4,339.8424,1256.69,339.842340566529
"74","Ind3","75-1","DOX","24T","DOX_24T","20X","DOX_24T_75_EMP_20X_RGB_0001_DAPI",206,47.7999563106796,18.121359223301,121.815533980583,559.930300970874,1516.79611650485,559.930329262471
"75","Ind3","75-1","DOX","24T","DOX_24T","20X","DOX_24T_75_EMP_20X_RGB_0002_DAPI",204,39.314315270936,16.8177339901478,95.6256157635468,525.380876847291,1225.039408867,525.38098046324
"76","Ind3","75-1","DOX","24T","DOX_24T","20X","DOX_24T_75_EMP_20X_RGB_0003_DAPI",223,45.4055294117647,19.1990950226244,108.343891402715,568.65521719457,1234.81447963801,568.655217623261
"77","Ind3","75-1","DOX","24T","DOX_24T","20X","DOX_24T_75_EMP_20X_RGB_0004_DAPI",72,33.9222638888889,11.8055555555556,115.597222222222,398.513527777778,1664.29166666667,398.51347846259
"78","Ind3","75-1","DOX","24T","DOX_24T","20X","DOX_24T_75_EMP_20X_RGB_0005_DAPI",246,54.6310408163265,22.2326530612245,128.89387755102,604.121991836735,1185.97959183673,604.121908218105
"79","Ind3","75-1","DOX","24T","DOX_24T","20X","DOX_24T_75_EMP_20X_RGB_0006_DAPI",90,44.2847555555556,18.4333333333333,114.788888888889,566.193544444444,1715.05555555556,566.193531344821
"80","Ind3","75-1","DOX","24T","DOX_24T","20X","DOX_24T_75_EMP_20X_RGB_0007_DAPI",120,36.9527166666667,12.5916666666667,113.975,436.695641666667,1627.075,436.695673613219
"81","Ind3","75-1","DOX","24T","DOX_24T","20X","DOX_24Tdup_75_EMP_20X_RGB_0001_DAPI",120,36.9527166666667,12.5916666666667,113.975,436.695641666667,1627.075,436.695673613219
"82","Ind3","75-1","DOX","24T","DOX_24T","20X","DOX_24Tdup_75_EMP_20X_RGB_0002_DAPI",85,30.2997647058824,10.9294117647059,103.141176470588,379.716752941176,1558.36470588235,379.716746760374
"83","Ind3","75-1","DOX","24T","DOX_24T","20X","DOX_24Tdup_75_EMP_20X_RGB_0003_DAPI",141,35.9725957446809,13.2836879432624,105.914893617021,435.299063829787,1471.21985815603,435.299172403618
"84","Ind3","75-1","DOX","24T","DOX_24T","20X","DOX_24Tdup_75_EMP_20X_RGB_0004_DAPI",103,34.9489029126214,12.1456310679612,105.436893203883,430.425621359223,1531.38834951456,430.42557440558
"85","Ind3","75-1","DOX","24T","DOX_24T","20X","DOX_24Tdup_75_EMP_20X_RGB_0005_DAPI",90,34.4435333333333,11.3111111111111,116.8,379.004477777778,1568.34444444444,379.004543171419
"86","Ind3","75-1","DOX","24T","DOX_24T","20X","DOX_24Tdup_75_EMP_20X_RGB_0006_DAPI",204,40.3119754901961,15.8039215686275,110.019607843137,491.685024509804,1348.60784313725,491.685147365821
"87","Ind3","75-1","DOX","24T","DOX_24T","20X","DOX_24Tdup_75_EMP_20X_RGB_0007_DAPI",142,46.7023857142857,18.6571428571429,117.964285714286,578.362821428571,1473.61428571429,578.36287201176
"88","Ind3","75-1","DOX","24T","DOX_24T","20X","DOX_24Tdup_75_EMP_20X_RGB_0008_DAPI",194,43.1346288659794,19.3350515463918,93.8505154639175,569.97781443299,1228.64948453608,569.977863884897
"89","Ind4","84-1","VEH","144R","VEH_144R","20X","DMSO_144R_EMP_250904_RGB_0001_DAPI",34,20.0166,9.9,45.4,122.3389,313.1,122.338766599507
"90","Ind4","84-1","VEH","144R","VEH_144R","20X","DMSO_144R_EMP_250904_RGB_0002_DAPI",75,13.7793513513514,8.43243243243243,38.2432432432432,51.5494054054054,186.081081081081,51.5494718240147
"91","Ind4","84-1","VEH","144R","VEH_144R","20X","DMSO_144R_EMP_250904_RGB_0003_DAPI",55,18.6793157894737,8.10526315789474,65.7894736842105,96.5176842105263,259.473684210526,96.5176037044724
"92","Ind4","84-1","VEH","144R","VEH_144R","20X","DMSO_144R_EMP_250904_RGB_0004_DAPI",65,11.9551515151515,7.60606060606061,37.3030303030303,69.3968484848485,323.151515151515,69.3967436313695
"93","Ind4","84-1","VEH","144R","VEH_144R","20X","DMSO_144R_EMP_250904_RGB_0005_DAPI",69,15.5605172413793,7.89655172413793,48.1034482758621,55.5442413793103,152.241379310345,55.5442971002401
"94","Ind4","84-1","VEH","144R","VEH_144R","20X","DMSO_144R_EMP_250904_RGB_0006_DAPI",102,11.816,7.87179487179487,34.4615384615385,59.191,238.051282051282,59.1908565435623
"95","Ind4","84-1","VEH","144R","VEH_144R","20X","DMSO_144R_EMP_250904_RGB_0007_DAPI",105,15.2161707317073,7.80487804878049,55.0975609756098,62.4049268292683,235.829268292683,62.4049463861747
"96","Ind4","84-1","VEH","144R","VEH_144R","20X","DMSO_144R_EMP_250904_RGB_0008_DAPI",25,10.183625,7.625,21.375,1.109875,2.625,1.10986584746905
"97","Ind4","84-1","VEH","144R","VEH_144R","20X","DMSO_144R_EMP_250904_RGB_0009_DAPI",54,11.7464333333333,7.63333333333333,43.2666666666667,35.9190666666667,121.233333333333,35.9190267450927
"98","Ind4","84-1","VEH","144R","VEH_144R","20X","DMSO_144R_EMP_250904_RGB_0010_DAPI",27,13.7250833333333,8.16666666666667,57,74.4383333333333,150.166666666667,74.4385750595474
"99","Ind4","84-1","VEH","144R","VEH_144R","20X","DMSO_144R_EMP_250904_RGB_0011_DAPI",70,16.2258974358974,8.53846153846154,50.4102564102564,90.0938461538462,242.25641025641,90.0938390699162
"100","Ind4","84-1","VEH","144R","VEH_144R","20X","DMSO_144R_EMP_250904_RGB_0012_DAPI",47,13.7730526315789,8.21052631578947,34.6315789473684,72.9546842105263,198.842105263158,72.9545943245978
"101","Ind4","84-1","VEH","24R","VEH_24R","20X","DMSO_24R_EMP_250904_RGB_0001_DAPI",89,22.395404494382,16.6516853932584,47.3483146067416,415.690269662921,1313.86516853933,415.690277749127
"102","Ind4","84-1","VEH","24R","VEH_24R","20X","DMSO_24R_EMP_250904_RGB_0002_DAPI",62,18.6079111111111,10.5333333333333,58.4,112.833688888889,347.888888888889,112.833624730425
"103","Ind4","84-1","VEH","24R","VEH_24R","20X","DMSO_24R_EMP_250904_RGB_0003_DAPI",52,15.4932121212121,10.1818181818182,41.6969696969697,82.0772121212121,222.909090909091,82.0771551424171
"104","Ind4","84-1","VEH","24R","VEH_24R","20X","DMSO_24R_EMP_250904_RGB_0004_DAPI",72,12.3451475409836,9.32786885245902,35.3770491803279,20.2926721311475,81.3770491803279,20.2927148238247
"105","Ind4","84-1","VEH","24R","VEH_24R","20X","DMSO_24R_EMP_250904_RGB_0005_DAPI",29,16.7749444444444,9.94444444444444,43.7222222222222,80.9649444444444,380.277777777778,80.9649170028197
"106","Ind4","84-1","VEH","24R","VEH_24R","20X","DMSO_24R_EMP_250904_RGB_0006_DAPI",115,15.4330681818182,10.1363636363636,49.0340909090909,49.0705909090909,127.204545454545,49.0705895011025
"107","Ind4","84-1","VEH","24R","VEH_24R","20X","DMSO_24R_EMP_250904_RGB_0007_DAPI",60,23.1331632653061,11.6530612244898,49.8367346938776,101.334163265306,419.571428571429,101.334101014396
"108","Ind4","84-1","VEH","24R","VEH_24R","20X","DMSO_24R_EMP_250904_RGB_0008_DAPI",69,15.9274912280702,9.82456140350877,51.1052631578947,55.266701754386,211.315789473684,55.2666943628112
"109","Ind4","84-1","VEH","24R","VEH_24R","20X","DMSO_24R_EMP_250904_RGB_0009_DAPI",19,21.8979333333333,9.4,72.5333333333333,114.645533333333,468.866666666667,114.645529576908
"110","Ind4","84-1","VEH","24T","VEH_24T","20X","DMSO_24T_EMP_250904_RGB_0001_DAPI",31,18.6461290322581,13.6451612903226,51.258064516129,240.412,777.161290322581,240.411965055734
"111","Ind4","84-1","VEH","24T","VEH_24T","20X","DMSO_24T_EMP_250904_RGB_0002_DAPI",35,24.9796285714286,15.3142857142857,73.1428571428571,293.941485714286,1180.97142857143,293.941283805896
"112","Ind4","84-1","VEH","24T","VEH_24T","20X","DMSO_24T_EMP_250904_RGB_0003_DAPI",68,14.8683134328358,12.134328358209,47.6567164179104,28.4304925373134,101.671641791045,28.4305051932661
"113","Ind4","84-1","VEH","24T","VEH_24T","20X","DMSO_24T_EMP_250904_RGB_0004_DAPI",66,14.5741230769231,10.6,43.9692307692308,18.2482,25.6769230769231,18.2482314760799
"114","Ind4","84-1","VEH","24T","VEH_24T","20X","DMSO_24T_EMP_250904_RGB_0005_DAPI",13,27.1977692307692,16.0769230769231,82.4615384615385,283.423923076923,1232.92307692308,283.42402409981
"115","Ind4","84-1","VEH","24T","VEH_24T","20X","DMSO_24T_EMP_250904_RGB_0006_DAPI",23,18.8693043478261,13.1739130434783,63.2608695652174,151.714304347826,775.217391304348,151.71439806388
"116","Ind4","84-1","VEH","24T","VEH_24T","20X","DMSO_24T_EMP_250904_RGB_0007_DAPI",44,19.3305,14.1363636363636,49.3409090909091,264.787159090909,1200.72727272727,264.787137888995
"117","Ind4","84-1","VEH","24T","VEH_24T","20X","DMSO_24T_EMP_250904_RGB_0008_DAPI",120,25.0421916666667,17.0166666666667,66.1583333333333,422.5974,1676.70833333333,422.597476491004
"118","Ind4","84-1","DOX","144R","DOX_144R","20X","DOX_144R_EMP_250904_RGB_0001_DAPI",26,12.78392,9.64,40.08,28.4936,96,28.4936480800701
"119","Ind4","84-1","DOX","144R","DOX_144R","20X","DOX_144R_EMP_250904_RGB_0002_DAPI",35,13.49471875,9.46875,44.96875,37.8840625,163.53125,37.8840472655185
"120","Ind4","84-1","DOX","144R","DOX_144R","20X","DOX_144R_EMP_250904_RGB_0003_DAPI",37,12.912303030303,9.6969696969697,34.4848484848485,30.6554242424242,101.757575757576,30.6555153023438
"121","Ind4","84-1","DOX","144R","DOX_144R","20X","DOX_144R_EMP_250904_RGB_0004_DAPI",65,15.2748833333333,9.66666666666667,55.9166666666667,67.47125,231.733333333333,67.4712919047903
"122","Ind4","84-1","DOX","144R","DOX_144R","20X","DOX_144R_EMP_250904_RGB_0005_DAPI",39,14.1725555555556,9.86111111111111,50.7777777777778,91.0309722222222,416,91.0309668241296
"123","Ind4","84-1","DOX","24R","DOX_24R","20X","DOX_24R_EMP_250904_RGB_0001_DAPI",17,53.1413529411765,15.4705882352941,157.470588235294,486.884882352941,1062.47058823529,486.885263892837
"124","Ind4","84-1","DOX","24R","DOX_24R","20X","DOX_24R_EMP_250904_RGB_0002_DAPI",19,36.8463684210526,12.5789473684211,103.210526315789,439.750105263158,1702.52631578947,439.750220834646
"125","Ind4","84-1","DOX","24R","DOX_24R","20X","DOX_24R_EMP_250904_RGB_0003_DAPI",61,33.4580163934426,13.655737704918,87.6885245901639,391.834196721311,1073.34426229508,391.834232250103
"126","Ind4","84-1","DOX","24R","DOX_24R","20X","DOX_24R_EMP_250904_RGB_0004_DAPI",81,38.6342784810127,14.1518987341772,102.139240506329,379.60246835443,1407.25316455696,379.60239449256
"127","Ind4","84-1","DOX","24R","DOX_24R","20X","DOX_24R_EMP_250904_RGB_0005_DAPI",18,41.4115882352941,14.6470588235294,145.882352941176,459.575941176471,1135.52941176471,459.576342045991
"128","Ind4","84-1","DOX","24R","DOX_24R","20X","DOX_24R_EMP_250904_RGB_0006_DAPI",65,42.5063076923077,14.2,108.046153846154,387.825123076923,1286.21538461538,387.825234838769
"129","Ind4","84-1","DOX","24R","DOX_24R","20X","DOX_24R_EMP_250904_RGB_0007_DAPI",36,31.1234571428571,12.2285714285714,95.4,385.560771428571,1078.17142857143,385.56077328539
"130","Ind4","84-1","DOX","24T","DOX_24T","20X","DOX_24T_EMP_250904_RGB_0001_DAPI",84,36.9837469879518,21.0963855421687,90.0240963855422,612.495963855422,2072.46987951807,612.496059620798
"131","Ind4","84-1","DOX","24T","DOX_24T","20X","DOX_24T_EMP_250904_RGB_0002_DAPI",17,35.5232352941176,19.1176470588235,110.235294117647,532.307,2949.58823529412,532.307221054743
"132","Ind4","84-1","DOX","24T","DOX_24T","20X","DOX_24T_EMP_250904_RGB_0003_DAPI",29,28.7794482758621,18.7241379310345,76.448275862069,522.38675862069,2068.41379310345,522.386716757531
"133","Ind4","84-1","DOX","24T","DOX_24T","20X","DOX_24T_EMP_250904_RGB_0004_DAPI",29,28.7794482758621,18.7241379310345,76.448275862069,522.38675862069,2068.41379310345,522.386716757531
"134","Ind4","84-1","DOX","24T","DOX_24T","20X","DOX_24T_EMP_250904_RGB_0005_DAPI",34,54.6328823529412,18.0294117647059,171.823529411765,557.8455,2519.08823529412,557.845367504782
"135","Ind4","84-1","DOX","24T","DOX_24T","20X","DOX_24T_EMP_250904_RGB_0006_DAPI",48,61.2972708333333,19.0208333333333,174.479166666667,547.5040625,2299.85416666667,547.504128647328
"136","Ind4","84-1","DOX","24T","DOX_24T","20X","DOX_24T_EMP_250904_RGB_0007_DAPI",46,48.0457173913044,16.5,163.391304347826,536.372326086956,2145.54347826087,536.372294989262
"137","Ind4","84-1","DOX","24T","DOX_24T","20X","DOX_24T_EMP_250904_RGB_0008_DAPI",46,49.6894222222222,17.0888888888889,164.111111111111,549.708644444444,2180.84444444444,549.708615780324
"138","Ind4","84-1","DOX","24T","DOX_24T","20X","DOX_24T_EMP_250904_RGB_0009_DAPI",4,57.00575,17.5,195,588.802,2887.5,588.801772911805
"139","Ind4","84-1","DOX","24T","DOX_24T","20X","DOX_24T_EMP_250904_RGB_0010_DAPI",12,34.0565,14.4166666666667,127.583333333333,356.942833333333,2279.5,356.942721099393
"140","Ind4","84-1","DOX","24T","DOX_24T","20X","DOX_24T_EMP_250904_RGB_0011_DAPI",46,31.4279090909091,13.8181818181818,126.954545454545,389.031227272727,2106.04545454545,389.031161286398
"141","Ind4","84-1","DOX","24T","DOX_24T","20X","DOX_24T_EMP_250904_RGB_0012_DAPI",46,60.747847826087,25.6304347826087,195.021739130435,668.531847826087,2622.73913043478,668.531574966204
"142","Ind4","84-1","DOX","24T","DOX_24T","20X","DOX_24T_EMP_250904_RGB_0013_DAPI",58,67.9953793103448,28.3793103448276,193.344827586207,672.668603448276,2273.93103448276,672.668791526431
"143","Ind4","84-1","DOX","24T","DOX_24T","20X","DOX_24T_EMP_250904_RGB_0014_DAPI",41,44.8544634146341,17.6585365853659,140.80487804878,530.675414634146,2256.65853658537,530.675406857429
"144","Ind4","84-1","DOX","24T","DOX_24T","20X","DOX_24T_EMP_250904_RGB_0015_DAPI",39,52.7486666666667,17.4871794871795,153.282051282051,496.688102564103,2060.5641025641,496.687986822748
"145","Ind4","84-1","DOX","24T","DOX_24T","20X","DOX_24T_EMP_250904_RGB_0016_DAPI",72,38.818,16.3098591549296,120.859154929577,495.531014084507,2042.52112676056,495.531041757841
"146","Ind4","84-1","DOX","24T","DOX_24T","20X","DOX_24T_EMP_250904_RGB_0017_DAPI",39,49.3888461538462,18.1794871794872,146.666666666667,570.586743589744,2431.51282051282,570.58699518174
